{"in_spotify_playlists": [3.409214451737357, 0.05856185891981359], "in_deezer_playlists": [2.999465653348064, -0.1042853029081003], "streams": [3.2162452762716023, 0.30332806535768436], "in_apple_playlists": [2.9527845940474164, -0.1635559738626793], "acousticness_%": [-0.3352156951110117, 2.5221780253952084], "energy_%": [0.2192933938293134, -2.8516836125109193], "valence_%": [-0.10530186456654679, -2.272359779070697], "danceability_%": [-0.38739670525288394, -2.199460282512852]}