{"artist_count": [0.461782308478741, 0.04678798065455987], "released_year": [0.44987725639923964, -0.31274742130034244], "released_month": [0.23441617100236267, 0.6504214209623783], "released_day": [0.7244675843200441, -0.17133481083794017], "in_spotify_playlists": [0.17191620851846875, -0.49101384342813964], "in_spotify_charts": [-0.4509805238621041, -0.38533130863133297], "streams": [0.07169746302497142, -0.555879612023265], "in_apple_playlists": [-0.015552995197014252, -0.5449471737760225], "in_apple_charts": [-0.3206605064612689, -0.5088565754386633], "in_deezer_playlists": [0.2690330132329537, -0.5185946515236175], "in_deezer_charts": [-0.34862498616715865, -0.28538354582096115], "in_shazam_charts": [-0.6153589644029508, -0.26526804667451276], "bpm": [0.6998506382309684, 0.2865462372497333], "danceability_%": [-0.2276712145292592, 0.2530229286274149], "valence_%": [-0.1827028416230212, 0.4686201720092569], "energy_%": [0.09484496418938597, 0.24950604213515204], "acousticness_%": [0.3335300886692712, 0.30437270853642834], "instrumentalness_%": [-0.3299826056591293, 0.6695532940930544], "liveness_%": [-0.6354552899500572, 0.3872394971751814], "speechiness_%": [-0.6188419361651022, 0.07286528617955555], "Key": [0.23441616795065898, 0.6504214218320821]}