{"in_spotify_playlists": [3.4139990330430185, 0.025538822456971925], "in_deezer_playlists": [2.9642945897440542, -0.12516390345704503], "streams": [3.2427040533436706, 0.27813210177330167], "in_apple_playlists": [3.013955942415016, -0.15990735827208993], "acousticness_%": [-0.2503973570117585, 2.5383260778658365], "energy_%": [0.22150216581796647, -2.8648942636990853], "valence_%": [-0.07975933128525133, -2.2649018681288364], "danceability_%": [-0.43224925021633304, -2.205695376140475]}