{"artist_count": [0.4962188438553707, 0.030276009267596916], "released_year": [0.45156752367164016, -0.42833097873650633], "released_month": [0.30659743378114407, 0.6157962645922503], "released_day": [0.7050330377637176, -0.21898205967630066], "in_spotify_playlists": [0.14944006701411938, -0.4643031342920906], "in_spotify_charts": [-0.568328806948538, -0.20942727505216635], "streams": [0.057594354267956005, -0.5351360760640849], "in_apple_playlists": [-0.05099538835902193, -0.485258693862156], "in_apple_charts": [-0.4190118012713016, -0.3355779724442007], "in_deezer_playlists": [0.2293202718620444, -0.47125349353200874], "in_deezer_charts": [-0.4718455518433714, -0.12954464678095753], "in_shazam_charts": [-0.6511019518279254, -0.030921829338346443], "bpm": [0.7157710426018661, 0.2390914006547922], "danceability_%": [-0.20166376713045905, 0.26594798899805827], "valence_%": [-0.18921108842436654, 0.4965890699911661], "energy_%": [0.07369718836379165, 0.28011625003831003], "acousticness_%": [0.2941520489017108, 0.2603451126686571], "instrumentalness_%": [-0.2579624790751323, 0.7098079941232395], "liveness_%": [-0.6179557136555489, 0.4180353165074857], "speechiness_%": [-0.3579126959830957, -0.623065512256143], "Key": [0.30659743243540005, 0.615796265193405]}